,ric
0,US107601813=
1,US114408816=
2,US119637350=
3,US099314508=
4,US114408611=
5,US090343351=
6,US190712052=
7,GB120385496=
8,GB132492875=
9,GB120385992=
10,GB046842561=
11,GB070417855=
12,GB085601458=
13,GB090935933=
14,NL104309763=
15,GB166464498=
16,DE138279219=
17,DE138279197=
18,DE139683005=
19,DE050360326=
20,DE052578787=
21,DE084758035=
22,DE087579654=
23,DE155709561=
24,DE173223234=
25,DE182803278=
26,DE155709545=
27,DE155709626=
28,DE182803251=
29,DE161789836=
30,DE182803383=
31,ES139476468=
32,ES129072920=
33,ES194600445=
34,ES155095121=
35,ES106943036=
36,ES168152108=
37,ES139477766=
38,ES155095113=
39,ES087486486=
40,ES112089250=
41,ES175629696=
42,ES090728997=
43,ES187784611=
44,ES194600445=
45,ES139477766=
46,ES129072920=
47,ES175629696=
48,ES087486486=
49,ES168152108=
50,ES155095113=
51,ES112089250=
52,ES106943036=
53,ES187784611=
54,ES139476468=
55,ES155095121=
56,ES090728997=
57,FR140831743=
58,FR056330631=
59,FR082799931=
60,US078752734=
61,US090681559=
62,US104010423=
63,US104010598=
64,US203547374=
65,US203547455=
66,US171624371=
67,US106631239=
68,DE111415528=
69,DE111415927=
70,DE222462142=
71,DE224050526=
72,GB166464471=
73,FR140133175=
74,FR052941431=
75,FR108683597=
76,FR117991601=
77,FR0013342128=
78,FR0013383213=
79,FR0013505260=
80,IT184663104=
81,IT116983281=
82,IT149760636=
83,IT134774860=
84,IT169821852=
85,IT155167840=
86,MX051990285=
87,MX080217404=
88,NO079879002=
89,NO093324145=
90,BE063302678=
91,BE122024393=
92,BE083438681=
93,BE138534057=
94,BE105134355=
95,BE175240047=
96,BE197438665=
97,BE138534090=
98,BE122024415=
99,BE197438681=
100,BE087988325=
101,BE175238565=
102,BE138534120=
103,BE215232247=
104,BE215232140=
105,BE215232093=
106,NL075842074=
107,NL081155518=
108,NL169178186=
109,NL187759544=
110,NL152719248=
111,NL187759501=
112,NL140117463=
113,NL128885293=
114,NL133043438=
115,NL214797747=
116,NL216863020=
117,NL067738934=
118,NL075209231=
119,NL081112479=
120,NL148553289=
121,NL148553343=
122,LU060005664=
123,GB137767996=
124,GB137768038=
125,GB163733374=
126,GB137768127=
127,GB188640281=
128,GB163733285=
129,GB163733480=
130,GB172092217=
131,GB188640320=
132,GB104050816=
133,GB104050824=
134,GB155801301=
135,GB155801336=
136,GB195131376=
137,GB195131368=
138,DK085474634=
139,DK107171347=
140,DK167790216=
141,DK213307177=
142,DK219150903=
143,SE157129368=
144,SE157129317=
145,JP168438516=
146,DE114179=
147,DE114178=
148,DE114177=
149,DE114176=
150,DE114175=
151,DE114174=
152,DE114173=
153,DE113549=
154,DE113548=
155,DE113547=
156,DE113546=
157,DE113545=
158,DE113544=
159,DE113543=
160,DE113542=
161,DE113536=
162,DE113532=
163,DE113527=
164,DE113522=
165,DE113517=
166,DE113514=
167,DE113508=
168,DE113506=
169,DE113504=
170,DE113492=
171,DE110476=
172,DE110475=
173,DE110474=
174,DE110247=
175,DE110246=
176,DE110245=
177,DE110244=
178,DE110243=
179,DE110242=
180,DE110241=
181,DE110240=
182,DE110239=
183,DE110238=
184,DE110237=
185,DE110236=
186,DE110235=
187,DE110234=
188,DE110233=
189,DE110232=
190,DE110231=
191,DE110230=
192,DE103057=
193,DE103056=
194,DE103055=
195,DE103054=
196,CN207853321=
197,CN207853291=
198,CN207853534=
199,ID164748120=
200,ID181077514=
201,ID206995939=
202,ID126843020=
203,ID201254671=
204,ID143249379=
205,ID164748138=
206,ID143249387=
207,ID126847092=
208,ID143249344=
209,ID108436859=
210,ID143249352=
211,ID108436794=
212,ID210040439=
213,KR222696968=
214,KR027726526=
215,KR107537198=
216,NO223906737=
217,NO156260142=
218,NO122495850=
219,XS224959834=
220,XS132155003=
221,XS182346411=
222,XS157788426=
223,XS132714908=
224,XS137303744=
225,XS150567467=
226,XS140338583=
227,XS186090527=
228,XS130847650=
229,XS155817135=
230,XS131478011=
231,XS145092604=
232,XS139689348=
233,XS129457252=
234,XS187541166=
235,XS189286015=
236,XS099495332=
237,XS104079296=
238,XS195853673=
239,XS211946636=
240,DEA14J2Q=
241,DE159868591=
242,DE135697320=
243,DEA1KQ96=
244,DEA1K0SM=
245,CA121073935=
246,CA120534696=
247,CA210682872=
248,CA195933863=
249,US224263333=
250,US224263325=
251,US106169756=
252,US106171416=
253,US144674618=
254,US206430273=
255,US216862546=
256,US216862554=
257,US196355391=
258,US196355561=
259,FR0013357860=
260,FR0013357852=
261,FR0013357845=
262,ES224754973=
263,ES175002618=
264,ES155172681=
265,ES146852505=
266,ES126577893=
267,ES202121233=
268,ES210293469=
269,ES219365861=
270,DEA2LQRW=
271,FR00140005T0=
272,FR0011651389=
273,FR0012452191=
274,FR0013252277=
275,FR0013464815=
276,NL224140029=
277,NL224140037=
278,NL206621362=
279,NL206621427=
280,FR0011577188=
281,FR0011847714=
282,FR0013320058=
283,FR0013281755=
284,FR0013181906=
285,FR0012942647=
286,FR0013218393=
287,IT223179258=
288,IT188180400=
289,IT143529592=
290,IT159883582=
291,IT205191496=
292,IT200127099=
293,IT195469792=
294,IT210980636=
295,US170819381=
296,US023732394=
297,US030011325=
298,US098914820=
299,US190075290=
300,US131431830=
301,US081670412=
302,US170819268=
303,US190075281=
304,US190075010=
305,US164049299=
306,US164049264=
307,US184343622=
308,US184343657=
309,US184343614=
310,US184343665=
311,US184343592=
312,US208560832=
313,US208554743=
314,US208565559=
315,DE185453294=
316,DE208449770=
317,DE208448820=
318,DE208451006=
319,DE217876915=
320,DE217876907=
321,US132346372=
322,US140576751=
323,US171848032=
324,US171744172=
325,NL178747754=
326,NL168579837=
327,NL201863660=
328,NL215001555=
329,NL222947014=
330,NL045477371=
331,US140576689=
332,US170816129=
333,US170816765=
334,US170833597=
335,US103090024=
336,US114628620=
337,US114628263=
338,US205232109=
339,US205232095=
340,US140576662=
341,US217656109=
342,US217656044=
343,US197928085=
344,US197928093=
345,MX156887498=
346,MX182442470=
347,MX156888877=
348,MX182442518=
349,MX137915804=
350,MX156887544=
351,MX182442534=
352,MX021310107=
353,MX099748443=
354,MX105765983=
355,MX117295150=
356,MX117294790=
357,70645JAN2=
358,MX099748494=
359,FR0013534484=
360,FR0013241676=
361,FR0013323870=
362,FR0013396512=
363,FR0013310224=
364,FR0013217114=
365,FR0013241536=
366,FR0013359239=
367,FR0013359197=
368,FR016140252=
369,FR054145314=
370,FR0011560077=
371,FR079424501=
372,FR0013421823=
373,FR0013444676=
374,FR0013444684=
375,FR0013444692=
376,FR091397919=
377,FR0013506292=
378,FR0013506300=
379,FR0013396520=
380,FR0013396496=
381,DELB00CM=
382,DELB0088=
383,DE173464096=
384,DE162619128=
385,DELB1A7B=
386,DELB1P9C=
387,DE149597158=
388,DELB1M2X=
389,DELB1B2R=
390,DELB1P1C=
391,DE124673224=
392,DELB1D1F=
393,DELB1B1Z=
394,DELB1DSM=
395,DELB1DRT=
396,DELB1B1Q=
397,DELB1DS2=
398,DE200119991=
399,DE203332157=
400,DE205673130=
401,FR0014000C81=
402,FR0014000C73=
403,FR0011502814=
404,FR0012059202=
405,FR0012448025=
406,FR0013266368=
407,FR0013322989=
408,FR0012790327=
409,FR0013284205=
410,FR0013266350=
411,FR0013205069=
412,FR0013422227=
413,FR0012383842=
414,ES224793634=
415,ES211388935=
416,ES175100423=
417,ES41379044=
418,ES189749694=
419,ES181634634=
420,ES173559801=
421,ES058992020=
422,ES147169361=
423,ES089394350=
424,ES155726822=
425,ES095190642=
426,ES095190880=
427,ES216864735=
428,ES41390066=
429,ES41390067=
430,ES219437072=
431,ES41390068=
432,ZA224989440=
433,ZA224989032=
434,ZA221118375=
435,ZA221118324=
436,ZA221111494=RRPS
437,ZA221111532=RRPS
438,FR00140007J7=
439,FR00140003P3=
440,FR067657268=
441,FR081913030=
442,FR095492878=
443,FR098229124=
444,FR099777583=
445,FR104555381=
446,FR106954976=
447,FR116620103=
448,FR134611529=
449,FR154880291=
450,FR128885854=
451,FR158791145=
452,FR185683460=
453,FR176586362=
454,FR138594513=
455,FR171735556=
456,FR129297441=
457,FR161783102=
458,FR159178463=
459,FR151267700=
460,FR175012222=
461,FR185683354=
462,FR182424013=
463,FR187110629=
464,FR0013476553=
465,FR0013504727=
466,FR0013515749=
467,DEDB9U2S=
468,DEDB9U2P=
469,DE201115175=
470,DEDB9U2K=
471,DEDB9U3E=
472,DEDB7XGS=
473,DEDB2GRX=RRPS
474,DEDB2GRZ=
475,DEDB2GSA=
476,DEDB2GSB=
477,DEDB2GSE=
478,DEDB2GTD=
479,DEDB2GSN=
480,DEDB9UDR=
481,DEDB2GZF=
482,DEDM338J=
483,DEDB9UJV=
484,DEDB2G1X=
485,DEDB9T6E=
486,DEDE04WZ=
487,DEDB9TUL=
488,DEDB2G19=
489,DEDB9TTH=
490,DEDB9UDB=
491,DEDB2GWQ=
492,DE175110933=
493,DEDB2GWJ=
494,DEDE04XQ=
495,DEDE04WV=
496,DE155174137=
497,DEDB2G0T=
498,DEDB9UGR=
499,DEDE04Y8=
500,DEDB9TZX=
501,DEDB9T7H=
502,DEDB2G3T=
503,DEDB9T0G=
504,DEDB9UJE=
505,DEDB9T1R=
506,DEDE04YJ=
507,DE136913263=
508,DEDB9TTZ=
509,DE175110402=
510,DEDB2G20=
511,DEDB9UKE=
512,DEDB9UHA=
513,DEDB2GSU=
514,DEDM338Q=
515,DEDB9UKT=
516,DEDE04XB=
517,DEDB9T9T=
518,DEDB9UAR=
519,DEDM338F=
520,DEDB9UEP=
521,DEDB9T3A=
522,DEDB7XLH=
523,DEDB9T1F=
524,DEDB2GXK=
525,DEDE04Y1=
526,DEDE04YS=
527,DEDB2G2S=
528,DEDB9UFK=
529,DEDB2G3A=
530,DEDE04YY=
531,DEDM338L=
532,DEDB9TWR=
533,DEDB9UHU=
534,DEDE04YX=
535,DEDB9UKJ=
536,DEDB9TXE=
537,DEDB9TXQ=
538,DEDE04W6=
539,DEDB9UFP=
540,DEDB9TZH=
541,DEDB9UJM=
542,DEDB9T3L=
543,DEDE04XJ=
544,DEDB9UDA=
545,DEDB9UDH=
546,DEDB9T1Z=
547,DEDB9UEA=
548,DEDB2G09=
549,DEDB9TUX=
550,DEDB9T2H=
551,DEDB7XJP=
552,DEDB9UHK=
553,DEDB2GRS=
554,DEDB2GSC=
555,DEDE04YL=
556,DEDB9T5S=
557,DEDB2GUX=
558,DEDE04ZA=
559,DEDB9TYV=
560,DEDE04W2=
561,DEDB2GTN=
562,DEDB9TVU=
563,DEDB9TYF=
564,DEDB9UEU=
565,DEDM338K=
566,DE195086508=
567,DEDB5DCS=
568,DEDB7XJB=
569,DE210295054=
570,DEDB7XNA=
571,DEDB7XLP=
572,DE000DL19U56=TE
573,DE216295579=
574,DEDB9U1K=
575,DEDB9U1P=
576,DEDB9U1S=
577,DEDB9U1U=
578,DEDB9U1Z=
579,DE195086516=
580,DE195086486=
581,DEDB9U2E=
582,CH223160492=
583,CH223165125=
584,CH223165141=
585,CH223163327=
586,CH223163289=
587,CH223167977=
588,CH223180302=
589,CH223170013=
590,CH223180272=
591,CH224207328=
592,CH224207336=
593,CH223163599=
594,CH224208448=
595,CH223161600=
596,CH223161901=
597,CH223169210=
598,CH224207468=
599,CH223160514=
600,CH223160484=
601,CH224214120=
602,CH223167195=
603,CH223168515=
604,CH222323576=
605,CH219805357=
606,CH222324157=
607,CH222325595=
608,CH222328276=
609,CH222329027=
610,CH222329060=
611,CH222328977=
612,CH222327539=
613,CH222323444=
614,CH222328985=
615,CH222329019=
616,CH222331706=
617,CH221022416=
618,CH222331498=
619,CH221027566=
620,CH221027876=
621,CH221031644=
622,CH221028252=
623,CH219809433=
624,CH221032683=
625,CH221031539=
626,CH219808640=
627,CH219811314=
628,CH218854630=
629,CH219810652=
630,CH219811241=
631,CH219811292=
632,CH218855946=
633,CH218855997=
634,CH218859534=
635,CH219811586=
636,CH219811721=
637,CH142876973=
638,CH111547955=
639,CH217668654=
640,CH139245938=
641,FR0013533254=
642,FR0013532967=
643,FR0013513645=
644,FR0013246626=
645,FR0013257185=
646,FR0011170091=
647,FR0013327434=
648,FR0011625482=
649,FR0011891258=
650,FR0011108869=
651,FR206713542=
652,FR0013457025=
653,FR209954648=
654,FR210412018=
655,FR0013479128=
656,FR0013480167=
657,FR0013481876=
658,FR0010975656=
659,FR0010981746=
660,FR0011055821=
661,FR0011215938=
662,FR0011261080=
663,FR0011318120=
664,FR0011339753=
665,FR0011510593=
666,FR0011559145=
667,FR0011659366=
668,FR0011780808=
669,FR0013413960=
670,FR0013493426=
671,FR0013494937=
672,FR0013509718=PA
673,FR0013515012=TE
674,FR0013515020=TE
675,FR0013520418=TE
676,FR0013524642=
677,FR0013525730=
678,FR0013525722=
679,JP224138709=
680,JP224138725=
681,JP169190992=
682,JP188657761=
683,JP180190562=
684,JP204963002=
685,JP204963088=
686,JP209835096=
687,JP223457967=
688,JP183910566=
689,JP162108751=
690,JP153157022=
691,JP169421978=
692,JP142602253=
693,JP199802500=
694,JP206639245=
695,GB218449522=
696,GB224801831=
697,GB218446400=
698,GB224184255=
699,GB217382122=
700,GB222902860=
701,GB222902878=
702,GB222902843=
703,GB217376319=
704,GB217376335=
705,GB214969599=
706,DEBC0KWT=
707,GB221553390=
708,GB221553381=
709,GB221553373=
710,GB221384857=
711,GB214966808=
712,GB214967111=
713,GB214966697=
714,GB221013476=
715,GB214961954=
716,GB107521879=
717,GB193122574=
718,IT672937=
719,XS2096454918=TE
720,XS2112332577=TE
721,GB083369078=
722,GB103575176=
723,GB215233863=
724,GB217478421=
725,XS2111141698=TE
726,GB219138709=
727,GB219184697=
728,GB219509251=
729,XS2196287143=TE
730,GB219395965=
731,GB220699030=
732,FR0111007045=
733,FR156270776=
734,FR117222861=
735,FR142610361=
736,FR00140003B3=
737,FR180833854=
738,FR154740783=
739,FR186108833=
740,FR163727757=
741,FR161441619=
742,FR174845697=
743,FR182353264=
744,FR179325241=
745,FR124031532=
746,FR0013405537=
747,FR195108846=
748,FR195050783=
749,FR172280170=
750,FR195050767=
751,FR0013422011=
752,FR0013444759=
753,FR0013459815=TE
754,FR210604120=
755,FR102368452=
756,XS2134383103=TE
757,FR195050813=
758,GB183900072=
759,GB164162338=
760,GB106955239=
761,GB118617657=
762,GB196058915=
763,GB224050780=
764,GB185342654=
765,GB206806516=
766,CA217743184=
767,CA198937541=
768,CA203186207=
769,CA210732829=
770,DE223125492=
771,DE197254718=
772,DE189363176=
773,DE121664771=
774,DE180645381=
775,DE180645721=
776,DE215206220=
777,DE215205886=
778,DE215206190=
779,DE197254823=
780,DE197254769=
781,DE189363133=
782,FR0011019397=
783,NL089611938=
784,FR0012283653=
785,FR0013300605=
786,FR0013238045=
787,FR0013030038=
788,FR0013203825=
789,FR0013121753=
790,FR0012674661=
791,FR0013430741=
792,FR0013512233=
793,GB128078398=
794,GB113909137=
795,GB116720469=
796,FR0013312493=
797,FR0013231743=
798,FR0013312501=
799,FR0013323664=
800,FR0013067170=
801,FR056253904=
802,LU045218791=
803,IT092070492=
804,IT175098674=
805,NL017708929=
806,IT060319537=
807,IT064729888=
808,IT084265942=
809,IT117607984=
810,IT142596628=
811,IT155014920=
812,IT206670681=
813,IT206670673=
814,IT193766595=
815,IT206670690=
816,GB168565321=
817,GB168565330=
818,GB191800010=
819,GB205988505=
820,GB215106977=
821,GB206897139=
822,GB210939407=
823,FR056263004=
824,FR056755411=
825,FR061954279=
826,FR153886776=
827,FR171830605=
828,FR0013403441=
829,FR0013311503=
830,FR0013430733=
831,FR081392943=
832,FR171831628=
833,FR0013368602=
834,FR0013410818=
835,FR0013448859=
836,FR0013479276=
837,FR0013518057=
838,CA137598019=
839,CA185768333=
840,CA198580660=
841,AU181963662=
842,AU181963646=
843,AU177462934=
844,XS1347582873=TE
845,AU149675809=
846,AU168548133=
847,AU141241761=
848,AU151719627=
849,AU187203236=
850,AU157547437=
851,AU187203279=
852,AU081340030=
853,AU099324805=
854,AU116735261=
855,AU199879766=
856,AU199879804=
857,CA155722932=
858,CA150142377=
859,CA159288102=
860,CA198714267=
861,CA204970718=
862,DE194861184=
863,DE191024559=
864,DE087762203=
865,DE182324680=
866,DE174744424=
867,DE136356097=
868,DE182324671=
869,DE147504667=
870,DE154843647=
871,DE187314356=
872,DE174744483=
873,DE154843655=
874,DE158988178=
875,DE187314364=
876,DE132195633=
877,DE101521770=
878,DE110527675=
879,DE116896206=
880,DE139626133=
881,DE201044723=
882,DE205572791=
883,DE201044502=
884,DE205572805=
885,DE215989275=
886,DE194861290=
887,DE191024567=
888,DE210235710=
889,DE210235558=
890,DE210235701=
891,ES149072659=
892,ES087986918=
893,ES094071194=
894,ES099010924=
895,ES105705506=
896,ES111640823=
897,ES117154181=
898,ES139847679=
899,ES129100427=
900,JP175875263=
901,JP167576494=
902,JP155802936=
903,JP189070977=
904,FR152467150=
905,FR131564490=
906,FR0011527241=
907,FR0011625409=
908,FR0010967216=
909,FR0012432912=
910,FR0013063609=
911,FR0013216900=
912,FR0013325172=
913,FR0013216926=
914,FR0013216918=
915,FR0013495181=
916,FR0013517026=
917,US123479599=
918,US123476069=
919,US149960228=
920,XS1499602446=TE
921,XS1979490742=TE
922,US197949023=
923,US207840572=
924,US207840971=
925,US195864829=
926,US195864608=
927,DE223744796=
928,DE223743447=
929,DE101395537=
930,DE101395600=
931,DE102610920=
932,DE102610954=
933,DE193620825=
934,DE193620841=
935,DE210135707=
936,DE215232905=
937,GB198210790=
938,GB189666098=
939,GB171915457=
940,GB111282994=
941,GB106953929=
942,GB171915465=
943,GB214788942=
944,GB214788969=
945,GB189666217=
946,GB189666187=
947,IT223790135=
948,IT117810585=
949,IT165286600=
950,IT020371293=
951,IT032843000=
952,IT060521433=
953,IT185891291=
954,IT150313171=
955,IT198027081=
956,IT203335199=
957,IT220902340=
958,US197925922=
959,US087366570=
960,US111087482=
961,US117013774=
962,US205508996=
963,US218993133=
964,NL123479769=
965,NL187143934=
966,NL034997586=
967,NL199112643=
968,NL206896906=
969,NL0014075509=
970,NL029318433=
971,NL041393599=
972,NL041393734=
973,NL0014676546=TE
974,NL195695598=
975,DECZ45V8=
976,DECZ40LR=
977,DECZ40L6=
978,DECZ40MC=
979,DECZ40MM=
980,DECZ40K0=
981,DECZ45VB=
982,DECZ45VM=
983,DECZ40NW=
984,DECZ40NG=
985,IT210496840=
986,IT175421394=
987,IT432907=
988,IT140017990=
989,IT053444962=
990,US223315534=
991,US223315526=
992,US223315453=
993,US157467239=
994,US148564361=
995,US119783313=
996,US111267898=
997,US119783291=
998,US119783305=
999,US195502471=
1000,US195502498=
1001,US137434466=
1002,US086631008=
1003,US107601830=
1004,US190711889=
1005,US119638003=
1006,US099314885=
1007,US162986643=
1008,US086159465=
1009,US218000851=
1010,US218000908=
1011,US218000754=
1012,190712079=
1013,US205136231=
1014,US205136207=
1015,US205136126=
1016,FR0013213295=
1017,FR0013213303=
1018,FR0013368545=
1019,FR016299022=
1020,FR040974920=
1021,FR0010800540=
1022,FR0010891317=
1023,FR0010961540=
1024,FR0010961581=
1025,FR0011182641=
1026,FR0011225143=
1027,FR082759638=
1028,FR099749342=
1029,FR0011408657=TE
1030,FR0013465424=
1031,IE223133134=
1032,IE223133096=
1033,IE158047675=
1034,IE153911428=
1035,FR0011561000=
1036,FR0013201308=
1037,FR0012601367=
1038,FR0013302809=
1039,FR0013344215=
1040,FR0012939841=
1041,FR0013015559=
1042,FR0013396876=
1043,FR0013494168=
1044,FR0013506862=
1045,FR0013517711=
1046,US222987598=
1047,US176793058=
1048,US195949816=
1049,US201357420=
1050,US205233750=
1051,US201357438=
1052,US211672889=
1053,AU168152078=
1054,AU110974477=
1055,AU123950232=
1056,AU202147089=
1057,AU199707736=
1058,AU215288340=
1059,US127344990=
1060,US117667111=
1061,US145760801=
1062,US179525267=
1063,US145760828=
1064,US106887497=
1065,US110772700=
1066,US112814884=
1067,US117379205=
1068,US127344086=
1069,US193935575=
1070,US127345830=
1071,US198006483=
1072,US222790620=
1073,US222790590=
1074,US159178145=
1075,US182330094=
1076,GB129246804=
1077,GB147665423=
1078,GB113527633=
1079,GB113527714=
1080,GB141140566=
1081,GB215441911=
1082,GB215441814=
1083,GB215441873=
1084,GB217038413=
1085,GB217038685=
1086,BE0002681626=
1087,BE184665662=
1088,BE0002266352=
1089,BE0002272418=
1090,BE6286238561=
1091,BE0002631126=
1092,BE0002645266=
1093,AU159433536=
1094,AU148455422=
1095,AU175034919=
1096,ID207375888=
1097,ID207375861=
1098,ID189133693=
1099,ID189557132=
1100,CL184343363=
1101,CL134665289=
1102,CL176040904=
1103,CL123668561=
1104,CL115158694=
1105,CL210898751=
1106,FR0013170834=
1107,FR0013262698=
1108,FR0013519279=
1109,BE132419116=
1110,BE132419051=
1111,BE205092099=
1112,AT069040624=
1113,AT083437146=
1114,AT083436786=
1115,AT173468962=
1116,AT202209351=
1117,AT191759087=
1118,AT191759095=
1119,AT202209343=
1120,AT215434770=
1121,AT215434842=
1122,AT215434729=
1123,AT218961398=
1124,AT218961401=
1125,US136602667=
1126,US136602691=
1127,US212609404=
1128,US212609374=
1129,GB210491503=
1130,GB220051307=
1131,GB195207836=
1132,GB100301709=
1133,GB187528470=
1134,GB128777920=
1135,GB167695248=
1136,GB215678709=
1137,GB215678717=
1138,US106152969=
1139,US117824250=
1140,US131049374=
1141,US140292141=
1142,US119088305=
1143,US145642213=
1144,US175295372=
1145,US082054782=
1146,US088361423=
1147,US093542797=
1148,US098436707=
1149,US103497540=
1150,US111044945=
1151,US117446913=
1152,SE019115496=
1153,SE041720905=
1154,XS2009891479=
1155,SE213339052=
1156,FR220934454=
1157,FR178546775=
1158,FR196383000=
1159,FR208147404=
1160,DE161928321=
1161,DE182513571=
1162,DE140016535=
1163,DE081169055=
1164,DE112117776=
1165,DE188822924=
1166,DE214928094=
1167,DE217655862=
1168,XS2210045584=TE
1169,NL048561675=
1170,NL051350995=
1171,NL059360612=
1172,NL098801421=
1173,NL124158109=
1174,NL143238440=
1175,NL163289792=
1176,NL143238466=
1177,NL124158117=
1178,NL163289776=
1179,NL150556813=
1180,NL182803782=
1181,NL182803758=
1182,US171624509=
1183,US094069718=
1184,US140842176=
1185,US203547412=
1186,US123727142=
1187,US140326429=
1188,US123727100=
1189,US140326372=
1190,US172563341=
1191,US140326437=
1192,US172563074=
1193,US059250531=
1194,US085766244=
1195,US093498399=
1196,US100455129=
1197,US107599576=
1198,US196374523=
1199,US196374426=
1200,US145840856=
1201,US186120663=
1202,US150900638=
1203,US179620901=
1204,US126580509=
1205,US136237322=
1206,US161419826=
1207,US088284950=
1208,US103297834=
1209,US107414487=
1210,US111626332=
1211,US117384543=
1212,US204367884=
1213,US210733264=
1214,US214920735=
1215,US161784508=
1216,US137584115=
1217,US161784567=
1218,US137595567=
1219,US137584123=
1220,US194511060=
1221,US099109963=
1222,US099109017=
1223,US114316318=
1224,US211509201=
1225,US211509171=
1226,US211509180=
1227,US194511086=
1228,US194445601=
1229,US194445610=
1230,GB137595729=
1231,GB163786362=
1232,GB137595656=
1233,GB149267115=
1234,GB119097355=
1235,GB119097401=
1236,GB163786354=
1237,GB152712677=
1238,GB185127796=
1239,GB185127877=
1240,GB097216568=
1241,GB104050611=
1242,GB104050689=
1243,GB111447713=
1244,GB111447357=
1245,GB199293150=
1246,GB199292790=
1247,GB208101676=
1248,GB213580116=
1249,GB213579967=
1250,GB213579720=
1251,DE185885674=
1252,DE016148849=
1253,DE044174081=
1254,DE055372870=
1255,DE087579751=
1256,DE035148957=
1257,ES150555477=
1258,ES154217754=
1259,ES196177256=
1260,ES202058361=
1261,ES211228920=
1262,ES217744199=
1263,ES217744229=
1264,ES219767528=
1265,FR169381852=
1266,FR144399722=
1267,FR169381828=
1268,FR144399781=
1269,FR187412277=
1270,FR187412226=
1271,FR083019450=
1272,FR099499141=
1273,FR099499028=
1274,FR104851967=
1275,FR113931558=
1276,FR200438167=
1277,FR200438124=
1278,FR215340686=
1279,FR215340902=
1280,FR217660530=
1281,FR217656931=
1282,FR0013386372=
1283,FR0013396637=
1284,FR0013375284=
1285,FR181513624=
1286,FR031310288=
1287,FR031552885=
1288,FR0013429925=
1289,FR179099047=
1290,FR0013201423=
1291,FR0013055290=
1292,FR063741779=
1293,FR0013154481=
1294,FR0013212974=
1295,FR153828423=
1296,FR0013192739=
1297,FR201680786=
1298,FR0013043999=
1299,FR0013244696=
1300,FR0013242500=
1301,FR0013262284=
1302,FR0013092541=
1303,FR0013348877=
1304,FR0013182342=
1305,FR0013234689=
1306,FR0012534931=
1307,FR0013064706=
1308,FR0012770261=
1309,FR0013415411=
1310,FR195830746=
1311,NO119062411=
1312,NO119062403=
1313,NO119062420=
1314,NO151522246=
1315,NO151522238=
1316,NO041684852=
1317,NO096957220=
1318,NO100497972=
1319,NO217883342=
1320,NO217883369=
1321,US161254282=
1322,US161254312=
1323,US161254339=
1324,US022956744=
1325,US123890116=
1326,US123890205=
1327,US161254266=
1328,US079515108=
1329,DE187412781=
1330,DE187412803=
1331,DE187412790=
1332,DE089972701=
1333,DE089972990=
1334,DE195518785=
1335,DE204961654=
1336,DE204961646=
1337,DE204961689=
1338,DE204961662=
1339,DE211827653=
1340,DE211828021=
1341,DE211827602=
1342,DE211827360=
1343,DE218204929=
1344,DE218205488=
1345,DE218205518=
1346,DE195518769=
1347,DE195518793=
1348,DE195518777=
1349,DE093230710=
1350,DE088866720=
1351,DE137499428=
1352,DE182350265=
1353,DE154838759=
1354,DE171841810=
1355,DE171841771=
1356,DE149769196=
1357,DE182350257=
1358,DE086068311=
1359,DE088356071=
1360,DE088539958=
1361,DE101783324=
1362,DE218231888=
1363,DE218231934=
1364,DE196027793=
1365,DE173090366=
1366,DE173089945=
1367,DE074639054=
1368,DE090343165=
1369,DE139775937=
1370,DE193612296=
1371,DE193611001=
1372,DE210134913=
1373,DE210135260=
1374,DE102326857=
1375,DE219926669=
1376,DE219926626=
1377,DE219926600=
1378,DE219926561=
1379,FR055481946=
1380,FR078562404=
1381,FR082572724=
1382,FR089420296=
1383,FR094238846=
1384,FR103870852=
1385,FR107405577=
1386,FR112117733=
1387,FR0013332970=
1388,FR161956899=
1389,FR121836327=
1390,FR137661411=
1391,FR0013332996=
1392,FR140119725=
1393,FR0013332988=
1394,FR161956830=
1395,FR152319258=
1396,FR0013333002=
1397,FR121831970=
1398,FR140119695=
1399,FR156984540=
1400,FR0013405032=
1401,FR0013456621=
1402,FR0013431715=
1403,FR0013405040=
1404,DE195744483=
1405,DE195744114=
1406,DE168177003=
1407,DE182077887=
1408,DE186398564=
1409,DE186398602=
1410,DE186398556=
1411,DE114008010=
1412,DE114008460=
1413,DE111730873=
1414,DE111730857=
1415,DE121271842=
1416,DE111730687=
1417,DE111730652=
1418,DE111730644=
1419,DE111730806=
1420,DE217671531=
1421,DE217671558=
1422,DE217671566=
1423,FR101957578=
1424,FR084294136=
1425,FR107449825=
1426,FR0013153822=
1427,FR124157722=
1428,FR143273296=
1429,FR143269230=
1430,FR143273270=
1431,FR157604040=
1432,FR201534887=
1433,FR215005445=
1434,FR215005364=
1435,FR087002292=
1436,FR087002250=
1437,FR094887364=
1438,FR094887488=
1439,FR100339366=
1440,FR100339374=
1441,FR141042602=
1442,FR0011769090=
1443,FR0013299435=
1444,FR0013240835=
1445,FR0013368206=
1446,FR0013329315=
1447,FR0013428414=
1448,FR0013451416=
1449,FR099370602=
1450,FR110773862=
1451,FR110774346=
1452,FR0013324332=
1453,FR0013201639=
1454,FR0012969020=
1455,FR0013144003=
1456,FR0013143997=
1457,FR0013324357=
1458,FR0012969038=
1459,FR0013201621=
1460,FR0013324340=
1461,FR0013324373=
1462,FR0013409836=
1463,FR0013409844=
1464,FR0013409851=
1465,FR0013505112=
1466,FR0013505104=
1467,CH082653112=
1468,CH096979568=
1469,CH113278994=
1470,CH170707532=
1471,CH170707524=
1472,CH131965290=
1473,CH170707494=
1474,NL122586863=
1475,NL129243198=
1476,NL113863889=
1477,AT184411458=
1478,LU161634107=
1479,AT184410206=
1480,LU161634158=
1481,LU142127377=
1482,AT209325403=
1483,AT209325411=
1484,AT215858243=RRPS
1485,AT215859282=RRPS
1486,DE086294150=
1487,DE086295229=
1488,DE097749663=
1489,DE138866173=
1490,DEA2G87D=
1491,DE138866165=
1492,DE173453337=
1493,DE191735862=
1494,DE217712254=
1495,DE217712262=
1496,DE217712289=
1497,DE152951558=
1498,DE142527448=
1499,DE138717437=
1500,FR0013153707=
1501,FR0013245586=
1502,FR0013323326=
1503,FR0013447166=
1504,FR0013512944=
1505,NL115080326=
1506,NL155098651=
1507,NL138866394=
1508,NL138866459=
1509,FR043984560=
1510,FR0010913780=
1511,FR0011048966=
1512,FR0011585215=
1513,FR0013248523=
1514,FR0013173432=
1515,FR0013283140=
1516,FR0012949923=
1517,FR0013359254=
1518,FR0013248507=
1519,FR0013452620=
1520,FR0013505542=
1521,FR0013512449=
1522,LU078660678=
1523,LU179620863=
1524,LU207581178=
1525,LU219631774=
1526,GB157683772=
1527,GB179322463=
1528,GB157683837=
1529,GB138428109=
1530,NL079297798=
1531,NL085475908=
1532,NL140016713=
1533,NL201438284=
1534,NL218752594=
1535,NL218752284=
1536,DE045286878=
1537,DE075314370=
1538,DE085603221=
1539,DE162660004=
1540,DE055497532=
1541,XS1441835417=TE
1542,DE177237477=
1543,DE193613977=
1544,DE137291169=
1545,DE104538649=
1546,DE096936893=
1547,DE175247572=
1548,DE130951899=
1549,DE191086449=
1550,DE131642008=
1551,DE188560881=
1552,DE149372458=
1553,DE052447135=
1554,DE063224111=
1555,DE098838490=
1556,DE144183754=
1557,DE210238077=
1558,DE211746262=
1559,DE213661345=
1560,DE215293254=
1561,DE215676854=
1562,DE219366604=
1563,DE219366612=
1564,US190919315=
1565,US162262122=
1566,US162262424=
1567,US162263013=
1568,US190919331=
1569,AU133370269=
1570,AU167693393=
1571,AU167693385=
1572,AU150639697=
1573,AU150639824=
1574,AU185679721=
1575,AU185679730=
1576,XS0953569661=TE
1577,US142191474=
1578,US098271368=
1579,US113640634=
1580,US142191504=
1581,88579YAM3=
1582,88579YAN1=
1583,US151305555=
1584,US151306241=
1585,US102894197=
1586,US102894111=
1587,US102894189=
1588,GB182282812=
1589,GB168151918=
1590,GB182282979=
1591,GB168152035=
1592,GB022238302=
1593,GB114760579=
1594,GB205462651=
1595,GB205462678=
1596,GB217060940=
1597,GB141140485=
1598,GB141140442=
1599,GB141140370=
1600,GB114348686=
1601,US143522946=
1602,XS1435229890=TE
1603,US173406690=
1604,US173406681=
1605,GB148559732=
1606,GB137918200=
1607,GB137918447=
1608,AU122500446=
1609,AU122495540=
1610,AU078778644=
1611,AU083438592=
1612,AU092499880=
1613,US182188310=
1614,US198938017=
1615,XS2072829950=TE
1616,US207282979=
1617,US207609986=
1618,198938050=
1619,US119935695=
1620,US161104264=
1621,US107007598=
1622,US141041754=
1623,US173432879=
1624,JP128833552=
1625,JP172063977=
1626,JP172064213=
1627,JP088136250=
1628,JP110789076=
1629,JP117148939=
1630,JP210294899=
1631,NL149245804=
1632,NL149245766=
1633,NL149245723=
1634,US154879242=
1635,US154879285=
1636,US120067907=
1637,US138033414=
1638,US138033422=
1639,US120067095=
1640,US120067966=
1641,US213305611=
1642,US152089953=
1643,US152090781=
1644,US205564691=
1645,US205564721=
1646,US157774778=
1647,US119650313=
1648,US132582521=
1649,US111285012=
1650,US157796208=
1651,US199821539=
1652,US199821555=
1653,US153277974=
1654,US207910589=
1655,US153276587=
1656,US156717380=
1657,US156717428=
1658,US177172316=
1659,US176677589=
1660,US176677546=
1661,US176677562=
1662,US176677554=
1663,US131982054=
1664,US131981457=
1665,US203462646=
1666,US203462913=
1667,US193706088=
1668,US182250627=
1669,US153134537=
1670,US153134766=
1671,US184344351=
1672,US184344319=
1673,US184344378=
1674,US184344408=
1675,US045313395=
1676,US105452845=
1677,US105453442=
1678,BR071697959=
1679,BR083589035=
1680,BR098271198=
1681,BR098271171=
1682,US092288536=
1683,US100174928=
1684,US100174910=
1685,US102895509=
1686,US102895487=
1687,US123495357=
1688,US123495390=
1689,US184343525=
1690,US184343479=
1691,US184343517=
1692,DE196474064=
1693,DEA2LQRS=
1694,DE202471609=
1695,DE202471579=
1696,DE208922602=
1697,DE196474048=
1698,US193935664=
1699,US204954844=
1700,US148574839=
1701,US179250586=
1702,US212514586=
1703,US191450264=
1704,US208763962=
1705,US208764365=
1706,US208762206=
1707,US191450230=
1708,US191448553=
1709,US124075106=
1710,US124075122=
1711,US124075076=
1712,US207593800=
1713,US207593737=
1714,US132702845=
1715,US132702799=
1716,US132705593=
1717,US111729948=
1718,US141985809=
1719,US216612230=
1720,US216612248=
1721,DE119520053=
1722,DE137661136=
1723,DE157507869=
1724,DE205093354=
1725,DE195508798=
1726,FR0013209715=
1727,FR0013378460=
1728,FR0013378452=
1729,FR0013378445=
1730,DESYM778=
1731,DE200557891=
1732,DE219509642=
1733,ES21330705=
1734,ES21330706=
1735,ES31330721=
1736,DE205166718=
1737,DE205643087=
1738,DE217858615=
1739,DE129169389=
1740,DE121881152=
1741,DE121881233=
1742,IT021496596=
1743,IT048610102=
1744,IT102095243=
1745,IT120918516=
1746,IT141986988=
1747,IT193525636=
1748,IT198281999=
1749,DE099794135=
1750,DE159141667=
1751,DE185483088=
1752,DE079422258=
1753,DK047378389=
1754,DK082911499=
1755,DK172176054=
1756,SE158412217=
1757,SE119811767=
1758,SE094209480=
1759,SE158412276=
1760,SE158412268=
1761,SE141963686=
1762,SE211316756=
1763,DE161641103=
1764,DE161641006=
1765,DE161641111=
1766,DE204750092=
1767,DE204750076=
1768,DE206938099=
1769,DE206938048=
1770,DE207754668=
1771,DE209121620=
1772,DE210301500=
1773,DE210301429=
1774,DE210301445=
1775,DE215289958=
1776,DE217757517=
1777,DE217758050=
1778,DE217758025=
1779,DE119111617=
1780,DE219428294=
1781,DE219419252=
1782,DE219428383=
1783,DE219428367=
1784,FR103080754=
1785,FR0012949949=
1786,FR0013233384=
1787,FR0013399029=
1788,FR074062431=
1789,FR083303662=
1790,FR0013222494=
1791,FR0013507654=
1792,FR099363339=
1793,FR111304670=
1794,FR161915114=
1795,FR161915165=
1796,FR195684979=
1797,FR195684928=
1798,FR211668962=
1799,FR211669047=
1800,FR211669071=
1801,FR211669101=
1802,FR215345882=
1803,FR105423560=
1804,FR111686661=
1805,FR140775207=
1806,FR159166198=
1807,FR120940686=
1808,FR0013512407=
1809,FR0013512381=
1810,FR0011689033=
1811,FR0013230943=
1812,FR0013342334=
1813,FR0013281888=
1814,FR0013139482=
1815,NL097253056=
1816,NL140578096=
1817,NL152755619=
1818,NL140577499=
1819,NL201003237=
1820,NL216621972=
1821,FR077660402=
1822,FR098730559=
1823,FR0013247202=
1824,FR0012599892=
1825,FR0013385655=
1826,FR0013518537=
1827,NL104177298=
1828,NL121518198=
1829,NL129308770=
1830,NL149537350=
1831,NL219397925=
1832,NL219397836=
1833,FR0013521960=
1834,PT108775700=
1835,PT171909074=
1836,PT219046049=
1837,FR0012199156=
1838,FR0012516417=
1839,FR0013213709=
1840,FR0013417128=
1841,FR090679210=
1842,FR142902737=
1843,FR0013330115=
1844,FR0013311347=
1845,FR0013479748=
1846,FR0013512969=
1847,BE090414895=
1848,BE105215231=
1849,BE0002273424=
1850,BE0002237064=
1851,NL120425471=
1852,NL155098856=
1853,NL162335545=
1854,NL181511699=
1855,NL167176038=
1856,NL181511656=
1857,NL200117565=
1858,NL214937921=
1859,NL214936852=
1860,GB129242566=
1861,GB152553684=
1862,GB205054383=
1863,GB165251245=
1864,GB129144882=
1865,GB205177787=
1866,DE085516752=
1867,DE150136342=
1868,DE182074853=
1869,DE150136792=
1870,FR0013444551=
1871,FR0013444502=
1872,FR0013444536=
1873,FR0013444544=
1874,ES202058175=
1875,ES202058094=
1876,ES132253650=
1877,US184343428=
1878,US184343401=
1879,US184343410=
1880,NL205231005=
1881,NL137398770=
1882,NL205231382=
1883,US184345986=
1884,US131981732=
1885,US184345978=
1886,CH178579576=
1887,CH201210291=
1888,CH209160471=
1889,CH178581325=
1890,CH201210267=
1891,CH209160633=
1892,US191607325=
1893,US191568974=
1894,US199990250=
1895,US211485256=
1896,US211485221=
1897,US211485272=
1898,US212248584=
1899,US212293369=
1900,US212248606=
1901,FR0011567460=
1902,FR0011624287=
1903,FR0011677657=
1904,FR0011770809=
1905,FR0011856061=
1906,FR169818258=
1907,FR181206730=
1908,FR181201118=
1909,FR132873356=
1910,FR219025203=
1911,US219632215=
1912,US219632240=
1913,US219632231=
1914,US219632401=
