US107601813=,
US114408816=,
US119637350=,
US099314508=,
US114408611=,
US090343351=,
US190712052=,
GB120385496=,
GB132492875=,
GB120385992=,
GB046842561=,
GB070417855=,
GB085601458=,
GB090935933=,
NL104309763=,
GB166464498=,
DE138279219=,
DE138279197=,
DE139683005=,
DE050360326=,
DE052578787=,
DE084758035=,
DE087579654=,
DE155709561=,
DE173223234=,
DE182803278=,
DE155709545=,
DE155709626=,
DE182803251=,
DE161789836=,
DE182803383=,
ES139476468=,
ES129072920=,
ES194600445=,
ES155095121=,
ES106943036=,
ES168152108=,
ES139477766=,
ES155095113=,
ES087486486=,
ES112089250=,
ES175629696=,
ES090728997=,
ES187784611=,
ES194600445=,
ES139477766=,
ES129072920=,
ES175629696=,
ES087486486=,
ES168152108=,
ES155095113=,
ES112089250=,
ES106943036=,
ES187784611=,
ES139476468=,
ES155095121=,
ES090728997=,
FR140831743=,
FR056330631=,
FR082799931=,
US078752734=,
US090681559=,
US104010423=,
US104010598=,
US203547374=,
US203547455=,
US171624371=,
US106631239=,
DE111415528=,
DE111415927=,
DE222462142=,
DE224050526=,
GB166464471=,
FR140133175=,
FR052941431=,
FR108683597=,
FR117991601=,
FR0013342128=,
FR0013383213=,
FR0013505260=,
IT184663104=,
IT116983281=,
IT149760636=,
IT134774860=,
IT169821852=,
IT155167840=,
MX051990285=,
MX080217404=,
NO079879002=,
NO093324145=,
BE063302678=,
BE122024393=,
BE083438681=,
BE138534057=,
BE105134355=,
BE175240047=,
BE197438665=,
BE138534090=,
BE122024415=,
BE197438681=,
BE087988325=,
BE175238565=,
BE138534120=,
BE215232247=,
BE215232140=,
BE215232093=,
NL075842074=,
NL081155518=,
NL169178186=,
NL187759544=,
NL152719248=,
NL187759501=,
NL140117463=,
NL128885293=,
NL133043438=,
NL214797747=,
NL216863020=,
NL067738934=,
NL075209231=,
NL081112479=,
NL148553289=,
NL148553343=,
LU060005664=,
GB137767996=,
GB137768038=,
GB163733374=,
GB137768127=,
GB188640281=,
GB163733285=,
GB163733480=,
GB172092217=,
GB188640320=,
GB104050816=,
GB104050824=,
GB155801301=,
GB155801336=,
GB195131376=,
GB195131368=,
DK085474634=,
DK107171347=,
DK167790216=,
DK213307177=,
DK219150903=,
SE157129368=,
SE157129317=,
JP168438516=,
DE114179=,
DE114178=,
DE114177=,
DE114176=,
DE114175=,
DE114174=,
DE114173=,
DE113549=,
DE113548=,
DE113547=,
DE113546=,
DE113545=,
DE113544=,
DE113543=,
DE113542=,
DE113536=,
DE113532=,
DE113527=,
DE113522=,
DE113517=,
DE113514=,
DE113508=,
DE113506=,
DE113504=,
DE113492=,
DE110476=,
DE110475=,
DE110474=,
DE110247=,
DE110246=,
DE110245=,
DE110244=,
DE110243=,
DE110242=,
DE110241=,
DE110240=,
DE110239=,
DE110238=,
DE110237=,
DE110236=,
DE110235=,
DE110234=,
DE110233=,
DE110232=,
DE110231=,
DE110230=,
DE103057=,
DE103056=,
DE103055=,
DE103054=,
CN207853321=,
CN207853291=,
CN207853534=,
ID164748120=,
ID181077514=,
ID206995939=,
ID126843020=,
ID201254671=,
ID143249379=,
ID164748138=,
ID143249387=,
ID126847092=,
ID143249344=,
ID108436859=,
ID143249352=,
ID108436794=,
ID210040439=,
KR222696968=,
KR027726526=,
KR107537198=,
NO223906737=,
NO156260142=,
NO122495850=,
XS224959834=,
XS132155003=,
XS182346411=,
XS157788426=,
XS132714908=,
XS137303744=,
XS150567467=,
XS140338583=,
XS186090527=,
XS130847650=,
XS155817135=,
XS131478011=,
XS145092604=,
XS139689348=,
XS129457252=,
XS187541166=,
XS189286015=,
XS099495332=,
XS104079296=,
XS195853673=,
XS211946636=,
DEA14J2Q=,
DE159868591=,
DE135697320=,
DEA1KQ96=,
DEA1K0SM=,
CA121073935=,
CA120534696=,
CA210682872=,
CA195933863=,
US224263333=,
US224263325=,
US106169756=,
US106171416=,
US144674618=,
US206430273=,
US216862546=,
US216862554=,
US196355391=,
US196355561=,
FR0013357860=,
FR0013357852=,
FR0013357845=,
ES224754973=,
ES175002618=,
ES155172681=,
ES146852505=,
ES126577893=,
ES202121233=,
ES210293469=,
ES219365861=,
DEA2LQRW=,
FR00140005T0=,
FR0011651389=,
FR0012452191=,
FR0013252277=,
FR0013464815=,
NL224140029=,
NL224140037=,
NL206621362=,
NL206621427=,
FR0011577188=,
FR0011847714=,
FR0013320058=,
FR0013281755=,
FR0013181906=,
FR0012942647=,
FR0013218393=,
IT223179258=,
IT188180400=,
IT143529592=,
IT159883582=,
IT205191496=,
IT200127099=,
IT195469792=,
IT210980636=,
US170819381=,
US023732394=,
US030011325=,
US098914820=,
US190075290=,
US131431830=,
US081670412=,
US170819268=,
US190075281=,
US190075010=,
US164049299=,
US164049264=,
US184343622=,
US184343657=,
US184343614=,
US184343665=,
US184343592=,
US208560832=,
US208554743=,
US208565559=,
DE185453294=,
DE208449770=,
DE208448820=,
DE208451006=,
DE217876915=,
DE217876907=,
US132346372=,
US140576751=,
US171848032=,
US171744172=,
NL178747754=,
NL168579837=,
NL201863660=,
NL215001555=,
NL222947014=,
NL045477371=,
US140576689=,
US170816129=,
US170816765=,
US170833597=,
US103090024=,
US114628620=,
US114628263=,
US205232109=,
US205232095=,
US140576662=,
US217656109=,
US217656044=,
US197928085=,
US197928093=,
MX156887498=,
MX182442470=,
MX156888877=,
MX182442518=,
MX137915804=,
MX156887544=,
MX182442534=,
MX021310107=,
MX099748443=,
MX105765983=,
MX117295150=,
MX117294790=,
70645JAN2=,
MX099748494=,
FR0013534484=,
FR0013241676=,
FR0013323870=,
FR0013396512=,
FR0013310224=,
FR0013217114=,
FR0013241536=,
FR0013359239=,
FR0013359197=,
FR016140252=,
FR054145314=,
FR0011560077=,
FR079424501=,
FR0013421823=,
FR0013444676=,
FR0013444684=,
FR0013444692=,
FR091397919=,
FR0013506292=,
FR0013506300=,
FR0013396520=,
FR0013396496=,
DELB00CM=,
DELB0088=,
DE173464096=,
DE162619128=,
DELB1A7B=,
DELB1P9C=,
DE149597158=,
DELB1M2X=,
DELB1B2R=,
DELB1P1C=,
DE124673224=,
DELB1D1F=,
DELB1B1Z=,
DELB1DSM=,
DELB1DRT=,
DELB1B1Q=,
DELB1DS2=,
DE200119991=,
DE203332157=,
DE205673130=,
FR0014000C81=,
FR0014000C73=,
FR0011502814=,
FR0012059202=,
FR0012448025=,
FR0013266368=,
FR0013322989=,
FR0012790327=,
FR0013284205=,
FR0013266350=,
FR0013205069=,
FR0013422227=,
FR0012383842=,
ES224793634=,
ES211388935=,
ES175100423=,
ES41379044=,
ES189749694=,
ES181634634=,
ES173559801=,
ES058992020=,
ES147169361=,
ES089394350=,
ES155726822=,
ES095190642=,
ES095190880=,
ES216864735=,
ES41390066=,
ES41390067=,
ES219437072=,
ES41390068=,
ZA224989440=,
ZA224989032=,
ZA221118375=,
ZA221118324=,
ZA221111494=RRPS,
ZA221111532=RRPS,
FR00140007J7=,
FR00140003P3=,
FR067657268=,
FR081913030=,
FR095492878=,
FR098229124=,
FR099777583=,
FR104555381=,
FR106954976=,
FR116620103=,
FR134611529=,
FR154880291=,
FR128885854=,
FR158791145=,
FR185683460=,
FR176586362=,
FR138594513=,
FR171735556=,
FR129297441=,
FR161783102=,
FR159178463=,
FR151267700=,
FR175012222=,
FR185683354=,
FR182424013=,
FR187110629=,
FR0013476553=,
FR0013504727=,
FR0013515749=,
DEDB9U2S=,
DEDB9U2P=,
DE201115175=,
DEDB9U2K=,
DEDB9U3E=,
DEDB7XGS=,
DEDB2GRX=RRPS,
DEDB2GRZ=,
DEDB2GSA=,
DEDB2GSB=,
DEDB2GSE=,
DEDB2GTD=,
DEDB2GSN=,
DEDB9UDR=,
DEDB2GZF=,
DEDM338J=,
DEDB9UJV=,
DEDB2G1X=,
DEDB9T6E=,
DEDE04WZ=,
DEDB9TUL=,
DEDB2G19=,
DEDB9TTH=,
DEDB9UDB=,
DEDB2GWQ=,
DE175110933=,
DEDB2GWJ=,
DEDE04XQ=,
DEDE04WV=,
DE155174137=,
DEDB2G0T=,
DEDB9UGR=,
DEDE04Y8=,
DEDB9TZX=,
DEDB9T7H=,
DEDB2G3T=,
DEDB9T0G=,
DEDB9UJE=,
DEDB9T1R=,
DEDE04YJ=,
DE136913263=,
DEDB9TTZ=,
DE175110402=,
DEDB2G20=,
DEDB9UKE=,
DEDB9UHA=,
DEDB2GSU=,
DEDM338Q=,
DEDB9UKT=,
DEDE04XB=,
DEDB9T9T=,
DEDB9UAR=,
DEDM338F=,
DEDB9UEP=,
DEDB9T3A=,
DEDB7XLH=,
DEDB9T1F=,
DEDB2GXK=,
DEDE04Y1=,
DEDE04YS=,
DEDB2G2S=,
DEDB9UFK=,
DEDB2G3A=,
DEDE04YY=,
DEDM338L=,
DEDB9TWR=,
DEDB9UHU=,
DEDE04YX=,
DEDB9UKJ=,
DEDB9TXE=,
DEDB9TXQ=,
DEDE04W6=,
DEDB9UFP=,
DEDB9TZH=,
DEDB9UJM=,
DEDB9T3L=,
DEDE04XJ=,
DEDB9UDA=,
DEDB9UDH=,
DEDB9T1Z=,
DEDB9UEA=,
DEDB2G09=,
DEDB9TUX=,
DEDB9T2H=,
DEDB7XJP=,
DEDB9UHK=,
DEDB2GRS=,
DEDB2GSC=,
DEDE04YL=,
DEDB9T5S=,
DEDB2GUX=,
DEDE04ZA=,
DEDB9TYV=,
DEDE04W2=,
DEDB2GTN=,
DEDB9TVU=,
DEDB9TYF=,
DEDB9UEU=,
DEDM338K=,
DE195086508=,
DEDB5DCS=,
DEDB7XJB=,
DE210295054=,
DEDB7XNA=,
DEDB7XLP=,
DE000DL19U56=TE,
DE216295579=,
DEDB9U1K=,
DEDB9U1P=,
DEDB9U1S=,
DEDB9U1U=,
DEDB9U1Z=,
DE195086516=,
DE195086486=,
DEDB9U2E=,
CH223160492=,
CH223165125=,
CH223165141=,
CH223163327=,
CH223163289=,
CH223167977=,
CH223180302=,
CH223170013=,
CH223180272=,
CH224207328=,
CH224207336=,
CH223163599=,
CH224208448=,
CH223161600=,
CH223161901=,
CH223169210=,
CH224207468=,
CH223160514=,
CH223160484=,
CH224214120=,
CH223167195=,
CH223168515=,
CH222323576=,
CH219805357=,
CH222324157=,
CH222325595=,
CH222328276=,
CH222329027=,
CH222329060=,
CH222328977=,
CH222327539=,
CH222323444=,
CH222328985=,
CH222329019=,
CH222331706=,
CH221022416=,
CH222331498=,
CH221027566=,
CH221027876=,
CH221031644=,
CH221028252=,
CH219809433=,
CH221032683=,
CH221031539=,
CH219808640=,
CH219811314=,
CH218854630=,
CH219810652=,
CH219811241=,
CH219811292=,
CH218855946=,
CH218855997=,
CH218859534=,
CH219811586=,
CH219811721=,
CH142876973=,
CH111547955=,
CH217668654=,
CH139245938=,
FR0013533254=,
FR0013532967=,
FR0013513645=,
FR0013246626=,
FR0013257185=,
FR0011170091=,
FR0013327434=,
FR0011625482=,
FR0011891258=,
FR0011108869=,
FR206713542=,
FR0013457025=,
FR209954648=,
FR210412018=,
FR0013479128=,
FR0013480167=,
FR0013481876=,
FR0010975656=,
FR0010981746=,
FR0011055821=,
FR0011215938=,
FR0011261080=,
FR0011318120=,
FR0011339753=,
FR0011510593=,
FR0011559145=,
FR0011659366=,
FR0011780808=,
FR0013413960=,
FR0013493426=,
FR0013494937=,
FR0013509718=PA,
FR0013515012=TE,
FR0013515020=TE,
FR0013520418=TE,
FR0013524642=,
FR0013525730=,
FR0013525722=,
JP224138709=,
JP224138725=,
JP169190992=,
JP188657761=,
JP180190562=,
JP204963002=,
JP204963088=,
JP209835096=,
JP223457967=,
JP183910566=,
JP162108751=,
JP153157022=,
JP169421978=,
JP142602253=,
JP199802500=,
JP206639245=,
GB218449522=,
GB224801831=,
GB218446400=,
GB224184255=,
GB217382122=,
GB222902860=,
GB222902878=,
GB222902843=,
GB217376319=,
GB217376335=,
GB214969599=,
DEBC0KWT=,
GB221553390=,
GB221553381=,
GB221553373=,
GB221384857=,
GB214966808=,
GB214967111=,
GB214966697=,
GB221013476=,
GB214961954=,
GB107521879=,
GB193122574=,
IT672937=,
XS2096454918=TE,
XS2112332577=TE,
GB083369078=,
GB103575176=,
GB215233863=,
GB217478421=,
XS2111141698=TE,
GB219138709=,
GB219184697=,
GB219509251=,
XS2196287143=TE,
GB219395965=,
GB220699030=,
FR0111007045=,
FR156270776=,
FR117222861=,
FR142610361=,
FR00140003B3=,
FR180833854=,
FR154740783=,
FR186108833=,
FR163727757=,
FR161441619=,
FR174845697=,
FR182353264=,
FR179325241=,
FR124031532=,
FR0013405537=,
FR195108846=,
FR195050783=,
FR172280170=,
FR195050767=,
FR0013422011=,
FR0013444759=,
FR0013459815=TE,
FR210604120=,
FR102368452=,
XS2134383103=TE,
FR195050813=,
GB183900072=,
GB164162338=,
GB106955239=,
GB118617657=,
GB196058915=,
GB224050780=,
GB185342654=,
GB206806516=,
CA217743184=,
CA198937541=,
CA203186207=,
CA210732829=,
DE223125492=,
DE197254718=,
DE189363176=,
DE121664771=,
DE180645381=,
DE180645721=,
DE215206220=,
DE215205886=,
DE215206190=,
DE197254823=,
DE197254769=,
DE189363133=,
FR0011019397=,
NL089611938=,
FR0012283653=,
FR0013300605=,
FR0013238045=,
FR0013030038=,
FR0013203825=,
FR0013121753=,
FR0012674661=,
FR0013430741=,
FR0013512233=,
GB128078398=,
GB113909137=,
GB116720469=,
FR0013312493=,
FR0013231743=,
FR0013312501=,
FR0013323664=,
FR0013067170=,
FR056253904=,
LU045218791=,
IT092070492=,
IT175098674=,
NL017708929=,
IT060319537=,
IT064729888=,
IT084265942=,
IT117607984=,
IT142596628=,
IT155014920=,
IT206670681=,
IT206670673=,
IT193766595=,
IT206670690=,
GB168565321=,
GB168565330=,
GB191800010=,
GB205988505=,
GB215106977=,
GB206897139=,
GB210939407=,
FR056263004=,
FR056755411=,
FR061954279=,
FR153886776=,
FR171830605=,
FR0013403441=,
FR0013311503=,
FR0013430733=,
FR081392943=,
FR171831628=,
FR0013368602=,
FR0013410818=,
FR0013448859=,
FR0013479276=,
FR0013518057=,
CA137598019=,
CA185768333=,
CA198580660=,
AU181963662=,
AU181963646=,
AU177462934=,
XS1347582873=TE,
AU149675809=,
AU168548133=,
AU141241761=,
AU151719627=,
AU187203236=,
AU157547437=,
AU187203279=,
AU081340030=,
AU099324805=,
AU116735261=,
AU199879766=,
AU199879804=,
CA155722932=,
CA150142377=,
CA159288102=,
CA198714267=,
CA204970718=,
DE194861184=,
DE191024559=,
DE087762203=,
DE182324680=,
DE174744424=,
DE136356097=,
DE182324671=,
DE147504667=,
DE154843647=,
DE187314356=,
DE174744483=,
DE154843655=,
DE158988178=,
DE187314364=,
DE132195633=,
DE101521770=,
DE110527675=,
DE116896206=,
DE139626133=,
DE201044723=,
DE205572791=,
DE201044502=,
DE205572805=,
DE215989275=,
DE194861290=,
DE191024567=,
DE210235710=,
DE210235558=,
DE210235701=,
ES149072659=,
ES087986918=,
ES094071194=,
ES099010924=,
ES105705506=,
ES111640823=,
ES117154181=,
ES139847679=,
ES129100427=,
JP175875263=,
JP167576494=,
JP155802936=,
JP189070977=,
FR152467150=,
FR131564490=,
FR0011527241=,
FR0011625409=,
FR0010967216=,
FR0012432912=,
FR0013063609=,
FR0013216900=,
FR0013325172=,
FR0013216926=,
FR0013216918=,
FR0013495181=,
FR0013517026=,
US123479599=,
US123476069=,
US149960228=,
XS1499602446=TE,
XS1979490742=TE,
US197949023=,
US207840572=,
US207840971=,
US195864829=,
US195864608=,
DE223744796=,
DE223743447=,
DE101395537=,
DE101395600=,
DE102610920=,
DE102610954=,
DE193620825=,
DE193620841=,
DE210135707=,
DE215232905=,
GB198210790=,
GB189666098=,
GB171915457=,
GB111282994=,
GB106953929=,
GB171915465=,
GB214788942=,
GB214788969=,
GB189666217=,
GB189666187=,
IT223790135=,
IT117810585=,
IT165286600=,
IT020371293=,
IT032843000=,
IT060521433=,
IT185891291=,
IT150313171=,
IT198027081=,
IT203335199=,
IT220902340=,
US197925922=,
US087366570=,
US111087482=,
US117013774=,
US205508996=,
US218993133=,
NL123479769=,
NL187143934=,
NL034997586=,
NL199112643=,
NL206896906=,
NL0014075509=,
NL029318433=,
NL041393599=,
NL041393734=,
NL0014676546=TE,
NL195695598=,
DECZ45V8=,
DECZ40LR=,
DECZ40L6=,
DECZ40MC=,
DECZ40MM=,
DECZ40K0=,
DECZ45VB=,
DECZ45VM=,
DECZ40NW=,
DECZ40NG=,
IT210496840=,
IT175421394=,
IT432907=,
IT140017990=,
IT053444962=,
US223315534=,
US223315526=,
US223315453=,
US157467239=,
US148564361=,
US119783313=,
US111267898=,
US119783291=,
US119783305=,
US195502471=,
US195502498=,
US137434466=,
US086631008=,
US107601830=,
US190711889=,
US119638003=,
US099314885=,
US162986643=,
US086159465=,
US218000851=,
US218000908=,
US218000754=,
190712079=,
US205136231=,
US205136207=,
US205136126=,
FR0013213295=,
FR0013213303=,
FR0013368545=,
FR016299022=,
FR040974920=,
FR0010800540=,
FR0010891317=,
FR0010961540=,
FR0010961581=,
FR0011182641=,
FR0011225143=,
FR082759638=,
FR099749342=,
FR0011408657=TE,
FR0013465424=,
IE223133134=,
IE223133096=,
IE158047675=,
IE153911428=,
FR0011561000=,
FR0013201308=,
FR0012601367=,
FR0013302809=,
FR0013344215=,
FR0012939841=,
FR0013015559=,
FR0013396876=,
FR0013494168=,
FR0013506862=,
FR0013517711=,
US222987598=,
US176793058=,
US195949816=,
US201357420=,
US205233750=,
US201357438=,
US211672889=,
AU168152078=,
AU110974477=,
AU123950232=,
AU202147089=,
AU199707736=,
AU215288340=,
US127344990=,
US117667111=,
US145760801=,
US179525267=,
US145760828=,
US106887497=,
US110772700=,
US112814884=,
US117379205=,
US127344086=,
US193935575=,
US127345830=,
US198006483=,
US222790620=,
US222790590=,
US159178145=,
US182330094=,
GB129246804=,
GB147665423=,
GB113527633=,
GB113527714=,
GB141140566=,
GB215441911=,
GB215441814=,
GB215441873=,
GB217038413=,
GB217038685=,
BE0002681626=,
BE184665662=,
BE0002266352=,
BE0002272418=,
BE6286238561=,
BE0002631126=,
BE0002645266=,
AU159433536=,
AU148455422=,
AU175034919=,
ID207375888=,
ID207375861=,
ID189133693=,
ID189557132=,
CL184343363=,
CL134665289=,
CL176040904=,
CL123668561=,
CL115158694=,
CL210898751=,
FR0013170834=,
FR0013262698=,
FR0013519279=,
BE132419116=,
BE132419051=,
BE205092099=,
AT069040624=,
AT083437146=,
AT083436786=,
AT173468962=,
AT202209351=,
AT191759087=,
AT191759095=,
AT202209343=,
AT215434770=,
AT215434842=,
AT215434729=,
AT218961398=,
AT218961401=,
US136602667=,
US136602691=,
US212609404=,
US212609374=,
GB210491503=,
GB220051307=,
GB195207836=,
GB100301709=,
GB187528470=,
GB128777920=,
GB167695248=,
GB215678709=,
GB215678717=,
US106152969=,
US117824250=,
US131049374=,
US140292141=,
US119088305=,
US145642213=,
US175295372=,
US082054782=,
US088361423=,
US093542797=,
US098436707=,
US103497540=,
US111044945=,
US117446913=,
SE019115496=,
SE041720905=,
XS2009891479=,
SE213339052=,
FR220934454=,
FR178546775=,
FR196383000=,
FR208147404=,
DE161928321=,
DE182513571=,
DE140016535=,
DE081169055=,
DE112117776=,
DE188822924=,
DE214928094=,
DE217655862=,
XS2210045584=TE,
NL048561675=,
NL051350995=,
NL059360612=,
NL098801421=,
NL124158109=,
NL143238440=,
NL163289792=,
NL143238466=,
NL124158117=,
NL163289776=,
NL150556813=,
NL182803782=,
NL182803758=,
US171624509=,
US094069718=,
US140842176=,
US203547412=,
US123727142=,
US140326429=,
US123727100=,
US140326372=,
US172563341=,
US140326437=,
US172563074=,
US059250531=,
US085766244=,
US093498399=,
US100455129=,
US107599576=,
US196374523=,
US196374426=,
US145840856=,
US186120663=,
US150900638=,
US179620901=,
US126580509=,
US136237322=,
US161419826=,
US088284950=,
US103297834=,
US107414487=,
US111626332=,
US117384543=,
US204367884=,
US210733264=,
US214920735=,
US161784508=,
US137584115=,
US161784567=,
US137595567=,
US137584123=,
US194511060=,
US099109963=,
US099109017=,
US114316318=,
US211509201=,
US211509171=,
US211509180=,
US194511086=,
US194445601=,
US194445610=,
GB137595729=,
GB163786362=,
GB137595656=,
GB149267115=,
GB119097355=,
GB119097401=,
GB163786354=,
GB152712677=,
GB185127796=,
GB185127877=,
GB097216568=,
GB104050611=,
GB104050689=,
GB111447713=,
GB111447357=,
GB199293150=,
GB199292790=,
GB208101676=,
GB213580116=,
GB213579967=,
GB213579720=,
DE185885674=,
DE016148849=,
DE044174081=,
DE055372870=,
DE087579751=,
DE035148957=,
ES150555477=,
ES154217754=,
ES196177256=,
ES202058361=,
ES211228920=,
ES217744199=,
ES217744229=,
ES219767528=,
FR169381852=,
FR144399722=,
FR169381828=,
FR144399781=,
FR187412277=,
FR187412226=,
FR083019450=,
FR099499141=,
FR099499028=,
FR104851967=,
FR113931558=,
FR200438167=,
FR200438124=,
FR215340686=,
FR215340902=,
FR217660530=,
FR217656931=,
FR0013386372=,
FR0013396637=,
FR0013375284=,
FR181513624=,
FR031310288=,
FR031552885=,
FR0013429925=,
FR179099047=,
FR0013201423=,
FR0013055290=,
FR063741779=,
FR0013154481=,
FR0013212974=,
FR153828423=,
FR0013192739=,
FR201680786=,
FR0013043999=,
FR0013244696=,
FR0013242500=,
FR0013262284=,
FR0013092541=,
FR0013348877=,
FR0013182342=,
FR0013234689=,
FR0012534931=,
FR0013064706=,
FR0012770261=,
FR0013415411=,
FR195830746=,
NO119062411=,
NO119062403=,
NO119062420=,
NO151522246=,
NO151522238=,
NO041684852=,
NO096957220=,
NO100497972=,
NO217883342=,
NO217883369=,
US161254282=,
US161254312=,
US161254339=,
US022956744=,
US123890116=,
US123890205=,
US161254266=,
US079515108=,
DE187412781=,
DE187412803=,
DE187412790=,
DE089972701=,
DE089972990=,
DE195518785=,
DE204961654=,
DE204961646=,
DE204961689=,
DE204961662=,
DE211827653=,
DE211828021=,
DE211827602=,
DE211827360=,
DE218204929=,
DE218205488=,
DE218205518=,
DE195518769=,
DE195518793=,
DE195518777=,
DE093230710=,
DE088866720=,
DE137499428=,
DE182350265=,
DE154838759=,
DE171841810=,
DE171841771=,
DE149769196=,
DE182350257=,
DE086068311=,
DE088356071=,
DE088539958=,
DE101783324=,
DE218231888=,
DE218231934=,
DE196027793=,
DE173090366=,
DE173089945=,
DE074639054=,
DE090343165=,
DE139775937=,
DE193612296=,
DE193611001=,
DE210134913=,
DE210135260=,
DE102326857=,
DE219926669=,
DE219926626=,
DE219926600=,
DE219926561=,
FR055481946=,
FR078562404=,
FR082572724=,
FR089420296=,
FR094238846=,
FR103870852=,
FR107405577=,
FR112117733=,
FR0013332970=,
FR161956899=,
FR121836327=,
FR137661411=,
FR0013332996=,
FR140119725=,
FR0013332988=,
FR161956830=,
FR152319258=,
FR0013333002=,
FR121831970=,
FR140119695=,
FR156984540=,
FR0013405032=,
FR0013456621=,
FR0013431715=,
FR0013405040=,
DE195744483=,
DE195744114=,
DE168177003=,
DE182077887=,
DE186398564=,
DE186398602=,
DE186398556=,
DE114008010=,
DE114008460=,
DE111730873=,
DE111730857=,
DE121271842=,
DE111730687=,
DE111730652=,
DE111730644=,
DE111730806=,
DE217671531=,
DE217671558=,
DE217671566=,
FR101957578=,
FR084294136=,
FR107449825=,
FR0013153822=,
FR124157722=,
FR143273296=,
FR143269230=,
FR143273270=,
FR157604040=,
FR201534887=,
FR215005445=,
FR215005364=,
FR087002292=,
FR087002250=,
FR094887364=,
FR094887488=,
FR100339366=,
FR100339374=,
FR141042602=,
FR0011769090=,
FR0013299435=,
FR0013240835=,
FR0013368206=,
FR0013329315=,
FR0013428414=,
FR0013451416=,
FR099370602=,
FR110773862=,
FR110774346=,
FR0013324332=,
FR0013201639=,
FR0012969020=,
FR0013144003=,
FR0013143997=,
FR0013324357=,
FR0012969038=,
FR0013201621=,
FR0013324340=,
FR0013324373=,
FR0013409836=,
FR0013409844=,
FR0013409851=,
FR0013505112=,
FR0013505104=,
CH082653112=,
CH096979568=,
CH113278994=,
CH170707532=,
CH170707524=,
CH131965290=,
CH170707494=,
NL122586863=,
NL129243198=,
NL113863889=,
AT184411458=,
LU161634107=,
AT184410206=,
LU161634158=,
LU142127377=,
AT209325403=,
AT209325411=,
AT215858243=RRPS,
AT215859282=RRPS,
DE086294150=,
DE086295229=,
DE097749663=,
DE138866173=,
DEA2G87D=,
DE138866165=,
DE173453337=,
DE191735862=,
DE217712254=,
DE217712262=,
DE217712289=,
DE152951558=,
DE142527448=,
DE138717437=,
FR0013153707=,
FR0013245586=,
FR0013323326=,
FR0013447166=,
FR0013512944=,
NL115080326=,
NL155098651=,
NL138866394=,
NL138866459=,
FR043984560=,
FR0010913780=,
FR0011048966=,
FR0011585215=,
FR0013248523=,
FR0013173432=,
FR0013283140=,
FR0012949923=,
FR0013359254=,
FR0013248507=,
FR0013452620=,
FR0013505542=,
FR0013512449=,
LU078660678=,
LU179620863=,
LU207581178=,
LU219631774=,
GB157683772=,
GB179322463=,
GB157683837=,
GB138428109=,
NL079297798=,
NL085475908=,
NL140016713=,
NL201438284=,
NL218752594=,
NL218752284=,
DE045286878=,
DE075314370=,
DE085603221=,
DE162660004=,
DE055497532=,
XS1441835417=TE,
DE177237477=,
DE193613977=,
DE137291169=,
DE104538649=,
DE096936893=,
DE175247572=,
DE130951899=,
DE191086449=,
DE131642008=,
DE188560881=,
DE149372458=,
DE052447135=,
DE063224111=,
DE098838490=,
DE144183754=,
DE210238077=,
DE211746262=,
DE213661345=,
DE215293254=,
DE215676854=,
DE219366604=,
DE219366612=,
US190919315=,
US162262122=,
US162262424=,
US162263013=,
US190919331=,
AU133370269=,
AU167693393=,
AU167693385=,
AU150639697=,
AU150639824=,
AU185679721=,
AU185679730=,
XS0953569661=TE,
US142191474=,
US098271368=,
US113640634=,
US142191504=,
88579YAM3=,
88579YAN1=,
US151305555=,
US151306241=,
US102894197=,
US102894111=,
US102894189=,
GB182282812=,
GB168151918=,
GB182282979=,
GB168152035=,
GB022238302=,
GB114760579=,
GB205462651=,
GB205462678=,
GB217060940=,
GB141140485=,
GB141140442=,
GB141140370=,
GB114348686=,
US143522946=,
XS1435229890=TE,
US173406690=,
US173406681=,
GB148559732=,
GB137918200=,
GB137918447=,
AU122500446=,
AU122495540=,
AU078778644=,
AU083438592=,
AU092499880=,
US182188310=,
US198938017=,
XS2072829950=TE,
US207282979=,
US207609986=,
198938050=,
US119935695=,
US161104264=,
US107007598=,
US141041754=,
US173432879=,
JP128833552=,
JP172063977=,
JP172064213=,
JP088136250=,
JP110789076=,
JP117148939=,
JP210294899=,
NL149245804=,
NL149245766=,
NL149245723=,
US154879242=,
US154879285=,
US120067907=,
US138033414=,
US138033422=,
US120067095=,
US120067966=,
US213305611=,
US152089953=,
US152090781=,
US205564691=,
US205564721=,
US157774778=,
US119650313=,
US132582521=,
US111285012=,
US157796208=,
US199821539=,
US199821555=,
US153277974=,
US207910589=,
US153276587=,
US156717380=,
US156717428=,
US177172316=,
US176677589=,
US176677546=,
US176677562=,
US176677554=,
US131982054=,
US131981457=,
US203462646=,
US203462913=,
US193706088=,
US182250627=,
US153134537=,
US153134766=,
US184344351=,
US184344319=,
US184344378=,
US184344408=,
US045313395=,
US105452845=,
US105453442=,
BR071697959=,
BR083589035=,
BR098271198=,
BR098271171=,
US092288536=,
US100174928=,
US100174910=,
US102895509=,
US102895487=,
US123495357=,
US123495390=,
US184343525=,
US184343479=,
US184343517=,
DE196474064=,
DEA2LQRS=,
DE202471609=,
DE202471579=,
DE208922602=,
DE196474048=,
US193935664=,
US204954844=,
US148574839=,
US179250586=,
US212514586=,
US191450264=,
US208763962=,
US208764365=,
US208762206=,
US191450230=,
US191448553=,
US124075106=,
US124075122=,
US124075076=,
US207593800=,
US207593737=,
US132702845=,
US132702799=,
US132705593=,
US111729948=,
US141985809=,
US216612230=,
US216612248=,
DE119520053=,
DE137661136=,
DE157507869=,
DE205093354=,
DE195508798=,
FR0013209715=,
FR0013378460=,
FR0013378452=,
FR0013378445=,
DESYM778=,
DE200557891=,
DE219509642=,
ES21330705=,
ES21330706=,
ES31330721=,
DE205166718=,
DE205643087=,
DE217858615=,
DE129169389=,
DE121881152=,
DE121881233=,
IT021496596=,
IT048610102=,
IT102095243=,
IT120918516=,
IT141986988=,
IT193525636=,
IT198281999=,
DE099794135=,
DE159141667=,
DE185483088=,
DE079422258=,
DK047378389=,
DK082911499=,
DK172176054=,
SE158412217=,
SE119811767=,
SE094209480=,
SE158412276=,
SE158412268=,
SE141963686=,
SE211316756=,
DE161641103=,
DE161641006=,
DE161641111=,
DE204750092=,
DE204750076=,
DE206938099=,
DE206938048=,
DE207754668=,
DE209121620=,
DE210301500=,
DE210301429=,
DE210301445=,
DE215289958=,
DE217757517=,
DE217758050=,
DE217758025=,
DE119111617=,
DE219428294=,
DE219419252=,
DE219428383=,
DE219428367=,
FR103080754=,
FR0012949949=,
FR0013233384=,
FR0013399029=,
FR074062431=,
FR083303662=,
FR0013222494=,
FR0013507654=,
FR099363339=,
FR111304670=,
FR161915114=,
FR161915165=,
FR195684979=,
FR195684928=,
FR211668962=,
FR211669047=,
FR211669071=,
FR211669101=,
FR215345882=,
FR105423560=,
FR111686661=,
FR140775207=,
FR159166198=,
FR120940686=,
FR0013512407=,
FR0013512381=,
FR0011689033=,
FR0013230943=,
FR0013342334=,
FR0013281888=,
FR0013139482=,
NL097253056=,
NL140578096=,
NL152755619=,
NL140577499=,
NL201003237=,
NL216621972=,
FR077660402=,
FR098730559=,
FR0013247202=,
FR0012599892=,
FR0013385655=,
FR0013518537=,
NL104177298=,
NL121518198=,
NL129308770=,
NL149537350=,
NL219397925=,
NL219397836=,
FR0013521960=,
PT108775700=,
PT171909074=,
PT219046049=,
FR0012199156=,
FR0012516417=,
FR0013213709=,
FR0013417128=,
FR090679210=,
FR142902737=,
FR0013330115=,
FR0013311347=,
FR0013479748=,
FR0013512969=,
BE090414895=,
BE105215231=,
BE0002273424=,
BE0002237064=,
NL120425471=,
NL155098856=,
NL162335545=,
NL181511699=,
NL167176038=,
NL181511656=,
NL200117565=,
NL214937921=,
NL214936852=,
GB129242566=,
GB152553684=,
GB205054383=,
GB165251245=,
GB129144882=,
GB205177787=,
DE085516752=,
DE150136342=,
DE182074853=,
DE150136792=,
FR0013444551=,
FR0013444502=,
FR0013444536=,
FR0013444544=,
ES202058175=,
ES202058094=,
ES132253650=,
US184343428=,
US184343401=,
US184343410=,
NL205231005=,
NL137398770=,
NL205231382=,
US184345986=,
US131981732=,
US184345978=,
CH178579576=,
CH201210291=,
CH209160471=,
CH178581325=,
CH201210267=,
CH209160633=,
US191607325=,
US191568974=,
US199990250=,
US211485256=,
US211485221=,
US211485272=,
US212248584=,
US212293369=,
US212248606=,
FR0011567460=,
FR0011624287=,
FR0011677657=,
FR0011770809=,
FR0011856061=,
FR169818258=,
FR181206730=,
FR181201118=,
FR132873356=,
FR219025203=,
US219632215=,
US219632240=,
US219632231=,
US219632401=
